,"Cat./Support ratio, % (at)","Pore size, nm",width min (nm),width aver (nm),width max (nm),length min (nm),length aver (nm),length max (nm),"Cu, % (at.)","Cu+, % (at.)","Cu(2+), % (at.)","conc, M",pH,RHE vs V,"Time, h","Loading, Î¼g/cm2","Add_carbon, %","Surface area of electrode, cm2","Flow rate CO2, ml/min","Av_volume, mkm^3",Ratio_sphere_volume,"Min_volume, mkm^3","Max_volume, mkm^3",1_efermi,1_density_atomic,1_total_magnetization_normalized_formula_units,1_energy_above_hull,1_energy_per_atom,1_volume,1_band_gap,2_efermi,2_density_atomic,2_total_magnetization_normalized_formula_units,2_energy_above_hull,2_energy_per_atom,2_volume,2_band_gap,Product_exactmw,Product_lipinskiHBA,Product_lipinskiHBD,Product_NumAtoms,Product_FractionCSP3,Product_CrippenClogP,Product_hallKierAlpha,Product_kappa2,Product_kappa3,anion_molar_conductance,anion_mobility,anion_diffusion_coefficient,anion_hydr_R_of_ion,Type of reactor_H-cell,Base_carbon paper electrode,Base_gasdiffusion electrode,FE
0,98.35,3.6,459.5,810.75,1162.0,459.5,810.75,1162.0,0.0,5.0,95.0,1.0,8.32,-1.08,1.0,300.0,12.17,1.0,30.0,0.532918592296875,0.3675525969478614,0.097018944875,1.568983528,7.51858683,12.764484711878117,0.0,0.0,-5.02663022,76.5869082712687,0.512699999999999,4.47959619,15.02799459406926,0.3851734,0.0,-22.96045361,15.02799459406926,0.0,28.031300128,0.0,0.0,6.0,0.0,0.8022,-0.26,0.74,-6.106153846153846,44.5,4.353,1.118,2.193,0.0,1.0,0.0,58.49243061571169
1,59.24,217.5,42.0,45.0,48.0,695.65,1111.26,1612.61,22.0,75.0,0.0,0.5,7.8,-1.09,1.0,1000.0,80.0,4.0,25.0,0.0017673826651905,0.0606424185159716,0.0009637829778961,0.0029181103079647,4.72796063,12.764484711878117,0.0,0.0,-5.02663022,76.5869082712687,0.512699999999999,4.47959619,15.02799459406926,0.3851734,0.0,-22.96045361,15.02799459406926,0.0,28.031300128,0.0,0.0,6.0,0.0,0.8022,-0.26,0.74,-6.106153846153846,199.1,4.353,1.118,2.193,1.0,0.0,0.0,54.317973262677334
2,59.24,217.5,42.0,45.0,48.0,695.65,1111.26,1612.61,22.0,78.0,0.0,1.0,14.0,-1.09,1.0,1000.0,80.0,4.0,25.0,0.0017673826651905,0.0606424185159716,0.0009637829778961,0.0029181103079647,4.72796063,11.121387926358748,0.0006916,0.000264654999999,-5.466114125,44.485551705434986,0.0,4.47959619,15.02799459406926,0.3851734,0.0,-22.96045361,15.02799459406926,0.0,28.031300128,0.0,0.0,6.0,0.0,0.8022,-0.26,0.74,-6.106153846153846,199.1,20.21,5.192,0.472,0.0,1.0,0.0,53.852269283679775
3,59.24,217.5,42.0,45.0,48.0,695.65,1111.26,1612.61,22.0,78.0,0.0,1.0,14.0,-1.09,1.0,1000.0,80.0,4.0,25.0,0.0017673826651905,0.0606424185159716,0.0009637829778961,0.0029181103079647,4.72796063,11.121387926358748,0.0006916,0.000264654999999,-5.466114125,44.485551705434986,0.0,4.47959619,15.02799459406926,0.3851734,0.0,-22.96045361,15.02799459406926,0.0,28.031300128,0.0,0.0,6.0,0.0,0.8022,-0.26,0.74,-6.106153846153846,199.1,20.21,5.192,0.472,0.0,1.0,0.0,53.852269283679775
4,10.3,108.0,459.5,810.75,1162.0,459.5,810.75,1162.0,30.02,96.55,3.45,1.0,6.9,-1.2,1.0,100.0,0.0,3.0,15.0,0.532918592296875,0.3675525969478614,0.097018944875,1.568983528,7.51858683,14.062218170221124,6.499999999999999e-07,0.0,-8.74505382,84.37330902132675,0.0,8.41138892,15.301856264076596,2.0000001,0.079304169250001,-9.032503662,76.50928132038298,0.0,28.031300128,0.0,0.0,6.0,0.0,0.8022,-0.26,0.74,-6.106153846153846,199.1,7.67,1.97,1.245,1.0,0.0,0.0,52.80643169485369
5,23.04,3.6,459.5,810.75,1162.0,459.5,810.75,1162.0,0.0,96.55,3.45,1.0,6.9,-2.0,1.0,240.38,9.09,0.2,200.0,0.532918592296875,0.3675525969478614,0.097018944875,1.568983528,5.6643077,14.062218170221124,6.499999999999999e-07,0.0,-8.74505382,84.37330902132675,0.0,7.51858683,11.445998564977856,2e-07,0.0,-10.846796,11.445998564977856,0.0,28.031300128,0.0,0.0,6.0,0.0,0.8022,-0.26,0.74,-6.106153846153846,76.4,7.67,1.97,1.245,1.0,1.0,0.0,52.28929918781272
6,23.04,3.6,459.5,810.75,1162.0,459.5,810.75,1162.0,0.0,96.55,3.45,1.0,6.9,-2.0,1.0,240.38,9.09,0.2,200.0,0.532918592296875,0.3675525969478614,0.097018944875,1.568983528,5.6643077,14.062218170221124,6.499999999999999e-07,0.0,-8.74505382,84.37330902132675,0.0,7.51858683,11.445998564977856,2e-07,0.0,-10.846796,11.445998564977856,0.0,28.031300128,0.0,0.0,6.0,0.0,0.8022,-0.26,0.74,-6.106153846153846,76.4,7.67,1.97,1.245,1.0,1.0,0.0,52.28929918781272
7,89.35,3.6,459.5,810.75,1162.0,459.5,810.75,1162.0,0.0,40.0,0.0,1.0,6.9,-1.09,1.0,10.0,80.0,0.19,50.0,0.532918592296875,0.3675525969478614,0.097018944875,1.568983528,4.72796063,14.062218170221124,6.499999999999999e-07,0.0,-8.74505382,84.37330902132675,0.0,5.49246722,16.727671246666244,1.666666666666666e-08,0.000130182499997,-9.718071849166668,200.7320549599949,0.0,28.031300128,0.0,0.0,6.0,0.0,0.8022,-0.26,0.74,-6.106153846153846,199.1,7.67,1.97,1.245,1.0,1.0,0.0,52.104708336859005
8,89.35,3.6,459.5,810.75,1162.0,459.5,810.75,1162.0,0.0,0.0,0.0,1.0,6.9,-1.09,1.0,10.0,80.0,0.19,50.0,0.532918592296875,0.3675525969478614,0.097018944875,1.568983528,4.72796063,11.121387926358748,0.0006916,0.000264654999999,-5.466114125,44.485551705434986,0.0,2.69161299,14.614521025354035,1.966666666666666e-06,2.428085125000001,-5.951826232222221,131.53068922818633,0.6553999999999991,28.031300128,0.0,0.0,6.0,0.0,0.8022,-0.26,0.74,-6.106153846153846,199.1,7.67,1.97,1.245,1.0,0.0,0.0,51.58781458836881
9,10.3,108.0,459.5,810.75,1162.0,459.5,810.75,1162.0,30.02,75.0,0.0,1.0,14.0,-1.2,1.0,100.0,0.0,3.0,15.0,0.532918592296875,0.3675525969478614,0.097018944875,1.568983528,7.51858683,11.121387926358748,0.0006916,0.000264654999999,-5.466114125,44.485551705434986,0.0,5.87177732,9.17091681388321,2.0000001,0.0,-6.5821341425,18.34183362776642,2.300899999999999,28.031300128,0.0,0.0,6.0,0.0,0.8022,-0.26,0.74,-6.106153846153846,199.1,20.21,5.192,0.472,0.0,0.0,0.0,51.48393709788725
10,59.24,217.5,42.0,45.0,48.0,695.65,1111.26,1612.61,22.0,91.92,8.08,2.0,14.0,-1.09,1.0,1000.0,80.0,4.0,25.0,0.0017673826651905,0.0606424185159716,0.0009637829778961,0.0029181103079647,4.72796063,14.062218170221124,6.499999999999999e-07,0.0,-8.74505382,84.37330902132675,0.0,5.05743538,13.619880499307335,0.0,0.0,-9.204800156666666,40.85964149792201,1.8647,28.031300128,0.0,0.0,6.0,0.0,0.8022,-0.26,0.74,-6.106153846153846,199.1,20.21,5.192,0.472,1.0,1.0,0.0,51.21767996132745
11,59.24,217.5,42.0,45.0,48.0,695.65,1111.26,1612.61,22.0,72.21,0.0,1.0,6.9,-1.09,1.0,1000.0,80.0,4.0,25.0,0.0017673826651905,0.0606424185159716,0.0009637829778961,0.0029181103079647,4.72796063,14.062218170221124,6.499999999999999e-07,0.0,-8.74505382,84.37330902132675,0.0,2.1667273,8.701897716280333,0.9999901,0.097853067499997,-5.204359017,87.01897716280334,0.0,28.031300128,0.0,0.0,6.0,0.0,0.8022,-0.26,0.74,-6.106153846153846,199.1,7.67,1.97,1.245,1.0,0.0,0.0,50.85871570651291
12,59.24,217.5,42.0,45.0,48.0,695.65,1111.26,1612.61,22.0,86.17,0.0,1.0,8.32,-1.09,1.0,1000.0,80.0,4.0,25.0,0.0017673826651905,0.0606424185159716,0.0009637829778961,0.0029181103079647,4.72796063,12.764484711878117,0.0,0.0,-5.02663022,76.5869082712687,0.512699999999999,0.0,0.0,0.0,0.0,0.0,0.0,0.0,28.031300128,0.0,0.0,6.0,0.0,0.8022,-0.26,0.74,-6.106153846153846,199.1,4.353,1.118,2.193,1.0,0.0,0.0,50.69370061516993
13,89.35,3.6,459.5,810.75,1162.0,459.5,810.75,1162.0,0.0,86.17,0.0,2.0,14.0,-1.09,1.0,10.0,80.0,0.19,50.0,0.532918592296875,0.3675525969478614,0.097018944875,1.568983528,4.72796063,14.062218170221124,6.499999999999999e-07,0.0,-8.74505382,84.37330902132675,0.0,2.1667273,8.701897716280333,0.9999901,0.097853067499997,-5.204359017,87.01897716280334,0.0,28.031300128,0.0,0.0,6.0,0.0,0.8022,-0.26,0.74,-6.106153846153846,199.1,20.21,5.192,0.472,0.0,1.0,0.0,50.553041503182335
14,10.3,3.6,25.0,25.0,25.0,187.5,340.28,479.17,0.0,0.0,0.0,0.5,8.4,-1.1,1.0,20.0,80.0,3.75,50.0,0.0001670345544005,0.1096117129386808,9.203884727313846e-05,0.0002352120237219,4.17791244,11.121387926358748,0.0006916,0.000264654999999,-5.466114125,44.485551705434986,0.0,4.47959619,15.02799459406926,0.3851734,0.0,-22.96045361,15.02799459406926,0.0,28.031300128,0.0,0.0,6.0,0.0,0.8022,-0.26,0.74,-6.106153846153846,199.1,4.353,1.118,2.193,1.0,1.0,0.0,49.855362525519425
15,87.7,0.0,600.0,836.0,1074.0,600.0,836.0,1074.0,63.81,65.0,0.0,1.0,6.9,-1.29,1.0,10.0,80.0,0.19,30.0,0.1721442784955467,0.5626976975981914,0.0636396103067892,0.3649947389373305,7.51858683,11.445998564977856,2e-07,0.0,-10.846796,11.445998564977856,0.0,8.41138892,15.301856264076596,2.0000001,0.079304169250001,-9.032503662,76.50928132038298,0.0,28.031300128,0.0,0.0,6.0,0.0,0.8022,-0.26,0.74,-6.106153846153846,44.5,7.67,1.97,1.245,1.0,1.0,0.0,49.295695702835
16,85.22,18.63,600.0,836.0,1074.0,600.0,836.0,1074.0,0.0,100.0,0.0,2.0,14.0,-1.24,1.0,360.58,0.0,4.0,20.0,0.1721442784955467,0.5626976975981914,0.0636396103067892,0.3649947389373305,4.72796063,11.121387926358748,0.0006916,0.000264654999999,-5.466114125,44.485551705434986,0.0,5.05743538,13.619880499307335,0.0,0.0,-9.204800156666666,40.85964149792201,1.8647,28.031300128,0.0,0.0,6.0,0.0,0.8022,-0.26,0.74,-6.106153846153846,199.1,20.21,5.192,0.472,1.0,0.0,0.0,49.01727731816683
17,89.35,3.6,459.5,810.75,1162.0,459.5,810.75,1162.0,0.0,10.0,0.0,2.0,14.0,-1.09,1.0,10.0,80.0,0.19,50.0,0.532918592296875,0.3675525969478614,0.097018944875,1.568983528,4.72796063,11.121387926358748,0.0006916,0.000264654999999,-5.466114125,44.485551705434986,0.0,4.17791244,12.764484711878117,0.0,0.0,-5.02663022,76.5869082712687,0.512699999999999,28.031300128,0.0,0.0,6.0,0.0,0.8022,-0.26,0.74,-6.106153846153846,199.1,20.21,5.192,0.472,1.0,0.0,0.0,48.81484763215343
18,78.04,108.0,459.5,810.75,1162.0,459.5,810.75,1162.0,22.0,78.0,0.0,1.0,14.0,-2.2,1.0,1943.63,0.0,3.75,25.0,0.532918592296875,0.3675525969478614,0.097018944875,1.568983528,4.17791244,11.121387926358748,0.0006916,0.000264654999999,-5.466114125,44.485551705434986,0.0,4.47959619,15.02799459406926,0.3851734,0.0,-22.96045361,15.02799459406926,0.0,28.031300128,0.0,0.0,6.0,0.0,0.8022,-0.26,0.74,-6.106153846153846,199.1,20.21,5.192,0.472,0.0,1.0,0.0,48.404823081516156
19,59.24,217.5,42.0,45.0,48.0,695.65,1111.26,1612.61,22.0,86.17,0.0,3.0,14.0,-1.09,1.0,1000.0,80.0,4.0,25.0,0.0017673826651905,0.0606424185159716,0.0009637829778961,0.0029181103079647,4.72796063,12.764484711878117,0.0,0.0,-5.02663022,76.5869082712687,0.512699999999999,2.03846677,22.399498167675635,0.0,0.0,-4.169303585,44.79899633535127,0.0,28.031300128,0.0,0.0,6.0,0.0,0.8022,-0.26,0.74,-6.106153846153846,199.1,20.21,5.192,0.472,0.0,1.0,0.0,47.51541635024056
20,10.3,108.0,459.5,810.75,1162.0,459.5,810.75,1162.0,30.02,86.17,0.0,3.0,14.0,-1.2,1.0,100.0,0.0,3.0,15.0,0.532918592296875,0.3675525969478614,0.097018944875,1.568983528,7.51858683,12.764484711878117,0.0,0.0,-5.02663022,76.5869082712687,0.512699999999999,2.03846677,22.399498167675635,0.0,0.0,-4.169303585,44.79899633535127,0.0,28.031300128,0.0,0.0,6.0,0.0,0.8022,-0.26,0.74,-6.106153846153846,199.1,20.21,5.192,0.472,0.0,1.0,0.0,47.33358840335154
21,98.35,3.6,459.5,810.75,1162.0,459.5,810.75,1162.0,0.0,75.0,0.0,2.0,14.0,-1.08,1.0,300.0,12.17,1.0,30.0,0.532918592296875,0.3675525969478614,0.097018944875,1.568983528,7.51858683,12.764484711878117,0.0,0.0,-5.02663022,76.5869082712687,0.512699999999999,4.47959619,15.02799459406926,0.3851734,0.0,-22.96045361,15.02799459406926,0.0,28.031300128,0.0,0.0,6.0,0.0,0.8022,-0.26,0.74,-6.106153846153846,44.5,20.21,5.192,0.472,1.0,1.0,0.0,47.291390131059444
22,10.3,108.0,459.5,810.75,1162.0,459.5,810.75,1162.0,30.02,86.17,0.0,1.0,6.9,-1.2,1.0,100.0,0.0,3.0,15.0,0.532918592296875,0.3675525969478614,0.097018944875,1.568983528,7.51858683,11.445998564977856,2e-07,0.0,-10.846796,11.445998564977856,0.0,1.44159893,15.315274547374411,2.7675e-05,0.297025965625,-9.2612360378125,245.0443927579906,1.3853,28.031300128,0.0,0.0,6.0,0.0,0.8022,-0.26,0.74,-6.106153846153846,199.1,7.67,1.97,1.245,1.0,0.0,1.0,47.12122454576517
23,10.3,3.6,25.0,25.0,25.0,187.5,340.28,479.17,0.0,40.0,0.0,2.0,14.0,-1.1,1.0,20.0,80.0,3.75,50.0,0.0001670345544005,0.1096117129386808,9.203884727313846e-05,0.0002352120237219,4.17791244,11.121387926358748,0.0006916,0.000264654999999,-5.466114125,44.485551705434986,0.0,0.8923141,11.8492870649751,0.0,0.0,-4.894751419999999,47.397148259900405,0.7227,28.031300128,0.0,0.0,6.0,0.0,0.8022,-0.26,0.74,-6.106153846153846,199.1,20.21,5.192,0.472,1.0,0.0,0.0,45.84676539949654
24,94.8,0.0,367.06,632.71,1035.29,524.71,859.53,1176.47,0.0,75.0,0.0,1.0,14.0,-1.09,1.0,240.38,12.17,4.0,5.5,0.114696240204091,0.6366197723675813,0.0235652584357853,0.4203234698773756,5.6643077,11.121387926358748,0.0006916,0.000264654999999,-5.466114125,44.485551705434986,0.0,5.87177732,9.17091681388321,2.0000001,0.0,-6.5821341425,18.34183362776642,2.300899999999999,28.031300128,0.0,0.0,6.0,0.0,0.8022,-0.26,0.74,-6.106153846153846,199.1,20.21,5.192,0.472,0.0,0.0,0.0,45.781715992764276
25,97.5,20.0,805.0,1204.0,1603.0,961.7,1276.4,1591.1,0.0,5.0,95.0,1.0,6.9,-1.7,1.0,101.91,0.0,0.49,10.0,0.6167632874666666,0.6366197723675814,0.2077352141666666,1.3628349599666665,4.17791244,12.764484711878117,0.0,0.0,-5.02663022,76.5869082712687,0.512699999999999,5.84744474,18.14473805188449,0.0,0.0,-50.58496015,18.14473805188449,0.0,28.031300128,0.0,0.0,6.0,0.0,0.8022,-0.26,0.74,-6.106153846153846,76.4,7.67,1.97,1.245,1.0,0.0,0.0,45.27965816724442
26,85.22,108.0,634.8,938.05,1241.3,634.8,938.05,1241.3,0.0,0.0,100.0,2.0,14.0,-1.24,1.0,800.0,0.0,2.25,15.0,0.2872872552433975,0.664721574094151,0.0890326194307601,0.6656848342245473,5.6643077,14.062218170221124,6.499999999999999e-07,0.0,-8.74505382,84.37330902132675,0.0,4.72796063,11.121387926358748,0.0006916,0.000264654999999,-5.466114125,44.485551705434986,0.0,28.031300128,0.0,0.0,6.0,0.0,0.8022,-0.26,0.74,-6.106153846153846,199.1,20.21,5.192,0.472,1.0,0.0,0.0,45.12692672884322
27,76.11,20.0,459.5,810.75,1162.0,459.5,810.75,1162.0,25.0,75.0,0.0,2.0,14.0,-0.94,1.0,20.0,20.0,2.0,200.0,0.532918592296875,0.3675525969478614,0.097018944875,1.568983528,4.17791244,12.764484711878117,0.0,0.0,-5.02663022,76.5869082712687,0.512699999999999,4.47959619,15.02799459406926,0.3851734,0.0,-22.96045361,15.02799459406926,0.0,28.031300128,0.0,0.0,6.0,0.0,0.8022,-0.26,0.74,-6.106153846153846,199.1,20.21,5.192,0.472,1.0,1.0,0.0,45.11682991323821
28,34.5,108.0,75.0,144.0,220.0,75.0,144.0,220.0,0.0,82.0,18.0,0.1,6.8,-1.29,1.0,244.9,80.0,0.19,200.0,0.0015634575663561,1.0,0.0002208932334555,0.0055752797625706,4.17791244,12.764484711878117,0.0,0.0,-5.02663022,76.5869082712687,0.512699999999999,8.41138892,15.301856264076596,2.0000001,0.079304169250001,-9.032503662,76.50928132038298,0.0,28.031300128,0.0,0.0,6.0,0.0,0.8022,-0.26,0.74,-6.106153846153846,44.5,4.353,1.118,2.193,0.0,0.0,0.0,45.00753721579987
29,87.7,0.0,600.0,836.0,1074.0,600.0,836.0,1074.0,63.81,82.0,18.0,0.1,6.8,-1.29,1.0,10.0,80.0,0.19,30.0,0.1721442784955467,0.5626976975981914,0.0636396103067892,0.3649947389373305,7.51858683,12.764484711878117,0.0,0.0,-5.02663022,76.5869082712687,0.512699999999999,8.41138892,15.301856264076596,2.0000001,0.079304169250001,-9.032503662,76.50928132038298,0.0,28.031300128,0.0,0.0,6.0,0.0,0.8022,-0.26,0.74,-6.106153846153846,44.5,4.353,1.118,2.193,0.0,0.0,0.0,44.93757214309929
30,94.32,108.0,634.8,938.05,1241.3,634.8,938.05,1241.3,31.03,0.0,5.0,3.0,14.0,-2.2,1.0,360.58,0.0,3.75,7.0,0.2872872552433975,0.664721574094151,0.0890326194307601,0.6656848342245473,7.51858683,11.445998564977856,2e-07,0.0,-10.846796,11.445998564977856,0.0,5.87177732,9.17091681388321,2.0000001,0.0,-6.5821341425,18.34183362776642,2.300899999999999,28.031300128,0.0,0.0,6.0,0.0,0.8022,-0.26,0.74,-6.106153846153846,44.5,20.21,5.192,0.472,0.0,0.0,1.0,44.591197751500914
31,87.7,0.0,600.0,836.0,1074.0,600.0,836.0,1074.0,63.81,97.06,0.0,0.5,13.0,-1.29,1.0,10.0,80.0,0.19,30.0,0.1721442784955467,0.5626976975981914,0.0636396103067892,0.3649947389373305,7.51858683,11.121387926358748,0.0006916,0.000264654999999,-5.466114125,44.485551705434986,0.0,5.87177732,9.17091681388321,2.0000001,0.0,-6.5821341425,18.34183362776642,2.300899999999999,28.031300128,0.0,0.0,6.0,0.0,0.8022,-0.26,0.74,-6.106153846153846,44.5,20.21,5.192,0.472,0.0,0.0,1.0,44.500933222959844
32,87.7,0.0,600.0,836.0,1074.0,600.0,836.0,1074.0,63.81,36.19,0.0,1.0,8.32,-1.29,1.0,10.0,80.0,0.19,30.0,0.1721442784955467,0.5626976975981914,0.0636396103067892,0.3649947389373305,7.51858683,11.445998564977856,2e-07,0.0,-10.846796,11.445998564977856,0.0,5.05743538,13.619880499307335,0.0,0.0,-9.204800156666666,40.85964149792201,1.8647,28.031300128,0.0,0.0,6.0,0.0,0.8022,-0.26,0.74,-6.106153846153846,44.5,4.353,1.118,2.193,1.0,0.0,1.0,43.93103648620769
33,87.7,0.0,600.0,836.0,1074.0,600.0,836.0,1074.0,63.81,86.17,0.0,2.0,14.0,-1.29,1.0,10.0,80.0,0.19,30.0,0.1721442784955467,0.5626976975981914,0.0636396103067892,0.3649947389373305,7.51858683,14.062218170221124,6.499999999999999e-07,0.0,-8.74505382,84.37330902132675,0.0,2.1667273,8.701897716280333,0.9999901,0.097853067499997,-5.204359017,87.01897716280334,0.0,28.031300128,0.0,0.0,6.0,0.0,0.8022,-0.26,0.74,-6.106153846153846,44.5,20.21,5.192,0.472,0.0,1.0,0.0,43.66304320887454
34,86.85,108.0,100.0,150.0,200.0,3000.0,4000.0,5000.0,0.0,69.0,31.0,2.0,14.0,-1.12,1.0,4444.44,9.09,4.0,20.0,0.0706858347057703,0.0561710095178655,0.0235619449019234,0.1570796326794896,7.51858683,11.445998564977856,2e-07,0.0,-10.846796,11.445998564977856,0.0,5.05743538,13.619880499307335,0.0,0.0,-9.204800156666666,40.85964149792201,1.8647,28.031300128,0.0,0.0,6.0,0.0,0.8022,-0.26,0.74,-6.106153846153846,199.1,20.21,5.192,0.472,0.0,0.0,0.0,43.25818724684419
35,73.82,18.63,800.0,1490.0,2000.0,800.0,1490.0,2000.0,0.0,95.0,5.0,2.0,14.0,-2.56,1.0,510.2,20.0,3.75,5.5,1.7320380461416167,1.0,0.268082573106329,4.188790204786391,5.6643077,11.445998564977856,2e-07,0.0,-10.846796,11.445998564977856,0.0,7.51858683,11.445998564977856,2e-07,0.0,-10.846796,11.445998564977856,0.0,28.031300128,0.0,0.0,6.0,0.0,0.8022,-0.26,0.74,-6.106153846153846,76.4,20.21,5.192,0.472,1.0,0.0,0.0,43.2065854455112
36,98.63,217.5,634.8,938.05,1241.3,634.8,938.05,1241.3,92.68,58.92,0.0,2.0,14.0,-1.12,1.0,500.0,0.0,3.0,15.0,0.2872872552433975,0.664721574094151,0.0890326194307601,0.6656848342245473,7.51858683,11.445998564977856,2e-07,0.0,-10.846796,11.445998564977856,0.0,5.84744474,18.14473805188449,0.0,0.0,-50.58496015,18.14473805188449,0.0,28.031300128,0.0,0.0,6.0,0.0,0.8022,-0.26,0.74,-6.106153846153846,199.1,20.21,5.192,0.472,1.0,0.0,1.0,43.118388192515454
37,23.04,18.63,42.0,45.0,48.0,695.65,1111.26,1612.61,90.0,40.0,0.0,1.0,6.9,-1.12,1.0,139.5,0.0,0.19,5.5,0.0017673826651905,0.0606424185159716,0.0009637829778961,0.0029181103079647,4.17791244,14.062218170221124,6.499999999999999e-07,0.0,-8.74505382,84.37330902132675,0.0,5.49246722,16.727671246666244,1.666666666666666e-08,0.000130182499997,-9.718071849166668,200.7320549599949,0.0,28.031300128,0.0,0.0,6.0,0.0,0.8022,-0.26,0.74,-6.106153846153846,199.1,7.67,1.97,1.245,1.0,1.0,0.0,43.11180464962564
38,23.04,18.63,42.0,45.0,48.0,695.65,1111.26,1612.61,90.0,92.19,7.81,2.0,14.0,-1.12,1.0,139.5,0.0,0.19,5.5,0.0017673826651905,0.0606424185159716,0.0009637829778961,0.0029181103079647,4.17791244,11.445998564977856,2e-07,0.0,-10.846796,11.445998564977856,0.0,5.05743538,13.619880499307335,0.0,0.0,-9.204800156666666,40.85964149792201,1.8647,28.031300128,0.0,0.0,6.0,0.0,0.8022,-0.26,0.74,-6.106153846153846,199.1,20.21,5.192,0.472,1.0,0.0,1.0,43.0048868401628
39,98.65,3.6,600.0,836.0,1074.0,600.0,836.0,1074.0,100.0,0.0,0.0,0.5,8.4,-1.21,1.0,139.5,0.0,1.5,15.0,0.1721442784955467,0.5626976975981914,0.0636396103067892,0.3649947389373305,5.6643077,11.121387926358748,0.0006916,0.000264654999999,-5.466114125,44.485551705434986,0.0,4.47959619,15.02799459406926,0.3851734,0.0,-22.96045361,15.02799459406926,0.0,28.031300128,0.0,0.0,6.0,0.0,0.8022,-0.26,0.74,-6.106153846153846,199.1,4.353,1.118,2.193,1.0,1.0,0.0,42.80857362770352
40,82.46,20.0,459.5,810.75,1162.0,459.5,810.75,1162.0,0.0,5.0,95.0,1.0,14.0,-1.01,1.0,20.0,0.0,0.2,40.0,0.532918592296875,0.3675525969478614,0.097018944875,1.568983528,7.51858683,11.445998564977856,2e-07,0.0,-10.846796,11.445998564977856,0.0,2.7374354,9.2213850455102,0.0,0.0,-6.32752468,18.4427700910204,4.4292,28.031300128,0.0,0.0,6.0,0.0,0.8022,-0.26,0.74,-6.106153846153846,199.1,20.21,5.192,0.472,0.0,0.0,1.0,42.77426789571714
41,23.04,18.63,42.0,45.0,48.0,695.65,1111.26,1612.61,90.0,10.0,0.0,2.0,14.0,-1.12,1.0,139.5,0.0,0.19,5.5,0.0017673826651905,0.0606424185159716,0.0009637829778961,0.0029181103079647,4.17791244,12.764484711878117,0.0,0.0,-5.02663022,76.5869082712687,0.512699999999999,2.1667273,8.701897716280333,0.9999901,0.097853067499997,-5.204359017,87.01897716280334,0.0,28.031300128,0.0,0.0,6.0,0.0,0.8022,-0.26,0.74,-6.106153846153846,199.1,20.21,5.192,0.472,1.0,0.0,0.0,42.694716409148725
42,85.37,20.0,634.8,938.05,1241.3,634.8,938.05,1241.3,0.0,87.62,12.38,1.0,6.9,-2.06,1.0,244.9,12.17,0.19,7.0,0.2872872552433975,0.664721574094151,0.0890326194307601,0.6656848342245473,5.6643077,14.062218170221124,6.499999999999999e-07,0.0,-8.74505382,84.37330902132675,0.0,3.29833257,14.422554456959176,0.0,0.0,-8.910602605,28.845108913918352,0.0,28.031300128,0.0,0.0,6.0,0.0,0.8022,-0.26,0.74,-6.106153846153846,76.4,7.67,1.97,1.245,1.0,0.0,0.0,42.599548998906656
43,79.09,3.6,275.0,300.4,375.0,275.0,300.4,375.0,0.0,0.0,100.0,1.0,6.9,-1.23,1.0,10.0,80.0,0.19,5.5,0.0141937910406526,1.0,0.0108892182862708,0.0276116541819415,4.17791244,12.764484711878117,0.0,0.0,-5.02663022,76.5869082712687,0.512699999999999,8.41138892,15.301856264076596,2.0000001,0.079304169250001,-9.032503662,76.50928132038298,0.0,28.031300128,0.0,0.0,6.0,0.0,0.8022,-0.26,0.74,-6.106153846153846,76.4,7.67,1.97,1.245,1.0,0.0,0.0,42.59704950112345
44,94.8,0.0,367.06,632.71,1035.29,524.71,859.53,1176.47,0.0,91.92,8.08,2.0,14.0,-1.09,1.0,240.38,12.17,4.0,5.5,0.114696240204091,0.6366197723675813,0.0235652584357853,0.4203234698773756,5.6643077,14.062218170221124,6.499999999999999e-07,0.0,-8.74505382,84.37330902132675,0.0,5.05743538,13.619880499307335,0.0,0.0,-9.204800156666666,40.85964149792201,1.8647,28.031300128,0.0,0.0,6.0,0.0,0.8022,-0.26,0.74,-6.106153846153846,199.1,20.21,5.192,0.472,1.0,1.0,0.0,42.498674275874265
45,83.33,217.5,42.0,45.0,48.0,695.65,1111.26,1612.61,0.0,95.0,5.0,2.0,14.0,-1.12,1.0,713.19,12.17,4.0,200.0,0.0017673826651905,0.0606424185159716,0.0009637829778961,0.0029181103079647,4.72796063,11.121387926358748,0.0006916,0.000264654999999,-5.466114125,44.485551705434986,0.0,6.47640097,34.02582510892988,0.0001557,0.050300225,-58.45197352,68.05165021785976,0.0,28.031300128,0.0,0.0,6.0,0.0,0.8022,-0.26,0.74,-6.106153846153846,199.1,20.21,5.192,0.472,1.0,1.0,0.0,42.405411384298134
46,94.8,0.0,25.0,25.0,25.0,187.5,340.28,479.17,60.0,40.0,0.0,2.0,14.0,-1.01,1.0,1000.0,80.0,2.0,7.0,0.0001670345544005,0.1096117129386808,9.203884727313846e-05,0.0002352120237219,4.17791244,12.764484711878117,0.0,0.0,-5.02663022,76.5869082712687,0.512699999999999,8.41138892,15.301856264076596,2.0000001,0.079304169250001,-9.032503662,76.50928132038298,0.0,28.031300128,0.0,0.0,6.0,0.0,0.8022,-0.26,0.74,-6.106153846153846,199.1,20.21,5.192,0.472,1.0,0.0,1.0,40.624532955184165
47,98.35,217.5,2000.0,3200.0,3500.0,2000.0,3200.0,3500.0,0.0,86.98,13.02,1.0,8.32,-1.1,1.0,20.0,0.0,3.0,10.0,9.654364585800328,0.5626976975981913,2.3570226039551585,12.632168018072178,5.6643077,14.062218170221124,6.499999999999999e-07,0.0,-8.74505382,84.37330902132675,0.0,6.14131032,10.622479042528589,0.000195599999999,0.8018846112499991,-9.6154000565625,42.48991617011435,0.0,28.031300128,0.0,0.0,6.0,0.0,0.8022,-0.26,0.74,-6.106153846153846,44.5,4.353,1.118,2.193,1.0,0.0,1.0,38.12357958379452
48,24.81,0.0,414.0,590.5,812.0,1180.0,1555.6,1972.0,0.0,82.0,18.0,2.0,14.0,-1.31,1.0,1000.0,0.0,0.2,15.0,0.1808075176333333,0.6366197723675814,0.06741576,0.4334087893333333,4.72796063,11.121387926358748,0.0006916,0.000264654999999,-5.466114125,44.485551705434986,0.0,2.7374354,9.2213850455102,0.0,0.0,-6.32752468,18.4427700910204,4.4292,28.031300128,0.0,0.0,6.0,0.0,0.8022,-0.26,0.74,-6.106153846153846,199.1,20.21,5.192,0.472,1.0,0.0,0.0,35.5156366051871
49,69.49,20.0,6.76,10.19,13.99,59.05,96.85,133.11,35.0,65.0,0.0,1.0,14.0,-1.07,1.0,100.0,80.0,3.75,25.0,7.898377274397163e-06,0.1560934132169918,2.119352396144186e-06,2.046143054441413e-05,4.72796063,11.121387926358748,0.0006916,0.000264654999999,-5.466114125,44.485551705434986,0.0,5.49246722,16.727671246666244,1.666666666666666e-08,0.000130182499997,-9.718071849166668,200.7320549599949,0.0,28.031300128,0.0,0.0,6.0,0.0,0.8022,-0.26,0.74,-6.106153846153846,199.1,20.21,5.192,0.472,0.0,0.0,0.0,34.99263187760817
50,90.52,18.63,23.25,34.04,62.5,23.25,34.04,62.5,60.0,40.0,0.0,2.0,14.0,-1.21,1.0,204.08,80.0,2.0,25.0,3.9442883264e-05,0.3675525969478614,1.2568078125e-05,0.000244140625,4.17791244,12.764484711878117,0.0,0.0,-5.02663022,76.5869082712687,0.512699999999999,6.14131032,10.622479042528589,0.000195599999999,0.8018846112499991,-9.6154000565625,42.48991617011435,0.0,28.031300128,0.0,0.0,6.0,0.0,0.8022,-0.26,0.74,-6.106153846153846,199.1,20.21,5.192,0.472,1.0,0.0,0.0,34.08999806638678
51,98.35,217.5,923.08,1036.92,1153.85,923.08,1036.92,1153.85,85.0,0.0,15.0,2.0,14.0,-0.77,1.0,600.0,9.09,0.5,200.0,1.1148995843498883,0.3675525969478614,0.7865349476821121,1.5362010696916246,5.6643077,14.062218170221124,6.499999999999999e-07,0.0,-8.74505382,84.37330902132675,0.0,1.44159893,15.315274547374411,2.7675e-05,0.297025965625,-9.2612360378125,245.0443927579906,1.3853,28.031300128,0.0,0.0,6.0,0.0,0.8022,-0.26,0.74,-6.106153846153846,199.1,20.21,5.192,0.472,0.0,1.0,0.0,33.696493495890856
52,87.94,20.0,680.0,680.0,680.0,680.0,680.0,680.0,60.0,40.0,0.0,0.5,8.4,-1.09,1.0,1000.0,20.0,1.5,200.0,0.314432,0.3675525969478614,0.314432,0.314432,4.72796063,11.121387926358748,0.0006916,0.000264654999999,-5.466114125,44.485551705434986,0.0,4.72796063,11.121387926358748,0.0006916,0.000264654999999,-5.466114125,44.485551705434986,0.0,28.031300128,0.0,0.0,6.0,0.0,0.8022,-0.26,0.74,-6.106153846153846,44.5,4.353,1.118,2.193,1.0,0.0,1.0,33.519955594477764
53,49.87,108.0,275.0,300.4,375.0,275.0,300.4,375.0,13.83,86.17,0.0,0.5,13.0,-1.9,1.0,139.5,80.0,2.0,15.0,0.0141937910406526,1.0,0.0108892182862708,0.0276116541819415,4.17791244,12.764484711878117,0.0,0.0,-5.02663022,76.5869082712687,0.512699999999999,4.47959619,15.02799459406926,0.3851734,0.0,-22.96045361,15.02799459406926,0.0,28.031300128,0.0,0.0,6.0,0.0,0.8022,-0.26,0.74,-6.106153846153846,199.1,20.21,5.192,0.472,0.0,0.0,0.0,31.836570284312494
54,6.98,3.6,10.0,17.5,25.0,10.0,17.5,25.0,63.81,36.19,0.0,1.0,6.9,-0.94,1.0,195.0,9.09,0.19,50.0,2.806162187972133e-06,1.0,5.235987755982988e-07,8.181230868723419e-06,4.72796063,11.121387926358748,0.0006916,0.000264654999999,-5.466114125,44.485551705434986,0.0,4.72796063,11.121387926358748,0.0006916,0.000264654999999,-5.466114125,44.485551705434986,0.0,28.031300128,0.0,0.0,6.0,0.0,0.8022,-0.26,0.74,-6.106153846153846,76.4,7.67,1.97,1.245,1.0,0.0,0.0,29.687755090525812
55,84.72,18.63,805.0,1204.0,1603.0,961.7,1276.4,1591.1,0.0,91.92,8.08,1.0,8.32,-0.81,1.0,1019.11,80.0,3.75,5.5,0.6167632874666666,0.6366197723675814,0.2077352141666666,1.3628349599666665,4.17791244,12.764484711878117,0.0,0.0,-5.02663022,76.5869082712687,0.512699999999999,8.41138892,15.301856264076596,2.0000001,0.079304169250001,-9.032503662,76.50928132038298,0.0,28.031300128,0.0,0.0,6.0,0.0,0.8022,-0.26,0.74,-6.106153846153846,44.5,4.353,1.118,2.193,0.0,1.0,0.0,28.245895150058878
56,95.0,3.6,459.5,810.75,1162.0,459.5,810.75,1162.0,0.0,81.66,18.34,2.0,14.0,-0.85,1.0,200.0,80.0,1.0,5.0,0.532918592296875,0.3675525969478614,0.097018944875,1.568983528,7.51858683,11.445998564977856,2e-07,0.0,-10.846796,11.445998564977856,0.0,2.69161299,14.614521025354035,1.966666666666666e-06,2.428085125000001,-5.951826232222221,131.53068922818633,0.6553999999999991,28.031300128,0.0,0.0,6.0,0.0,0.8022,-0.26,0.74,-6.106153846153846,199.1,20.21,5.192,0.472,0.0,1.0,0.0,28.21404632893221
57,96.25,108.0,130.0,178.0,230.0,130.0,178.0,230.0,0.0,95.0,5.0,1.0,8.32,-1.31,1.0,200.0,9.09,0.2,20.0,0.0008587692020554,0.5816313773323822,0.0003345388125073,0.0018526780754559,5.6643077,14.062218170221124,6.499999999999999e-07,0.0,-8.74505382,84.37330902132675,0.0,4.17791244,12.764484711878117,0.0,0.0,-5.02663022,76.5869082712687,0.512699999999999,28.031300128,0.0,0.0,6.0,0.0,0.8022,-0.26,0.74,-6.106153846153846,44.5,4.353,1.118,2.193,0.0,0.0,1.0,27.403323359481035
58,14.95,217.5,278.0,287.0,296.0,278.0,287.0,296.0,100.0,0.0,0.0,1.0,8.32,-1.43,1.0,4444.44,80.0,2.25,5.5,0.0078799676666666,0.6366197723675814,0.0071616506666666,0.0086447786666666,4.72796063,11.121387926358748,0.0006916,0.000264654999999,-5.466114125,44.485551705434986,0.0,8.41138892,15.301856264076596,2.0000001,0.079304169250001,-9.032503662,76.50928132038298,0.0,28.031300128,0.0,0.0,6.0,0.0,0.8022,-0.26,0.74,-6.106153846153846,44.5,4.353,1.118,2.193,0.0,1.0,0.0,27.364263249466894
59,71.0,217.5,14.17,34.01,59.44,14.17,34.01,59.44,27.79,72.21,0.0,2.0,14.0,-1.24,1.0,139.5,20.0,3.0,20.0,2.0597690022884394e-05,1.0,1.4897320904851437e-06,0.0001099600742857,4.17791244,12.764484711878117,0.0,0.0,-5.02663022,76.5869082712687,0.512699999999999,2.03846677,22.399498167675635,0.0,0.0,-4.169303585,44.79899633535127,0.0,28.031300128,0.0,0.0,6.0,0.0,0.8022,-0.26,0.74,-6.106153846153846,199.1,20.21,5.192,0.472,1.0,1.0,0.0,26.380424305369576
60,98.63,3.6,805.0,1204.0,1603.0,961.7,1276.4,1591.1,42.27,57.73,0.0,1.0,8.32,-0.75,1.0,10.0,12.17,0.49,40.0,0.6167632874666666,0.6366197723675814,0.2077352141666666,1.3628349599666665,5.6643077,14.062218170221124,6.499999999999999e-07,0.0,-8.74505382,84.37330902132675,0.0,4.47959619,15.02799459406926,0.3851734,0.0,-22.96045361,15.02799459406926,0.0,28.031300128,0.0,0.0,6.0,0.0,0.8022,-0.26,0.74,-6.106153846153846,44.5,4.353,1.118,2.193,0.0,0.0,1.0,26.1922453471049
61,96.25,20.0,475.0,590.0,875.0,475.0,590.0,875.0,0.0,5.0,95.0,1.0,8.32,-0.93,1.0,20.0,12.17,0.5,5.5,0.0684596666666666,0.6366197723675814,0.0357239583333333,0.2233072916666666,5.6643077,14.062218170221124,6.499999999999999e-07,0.0,-8.74505382,84.37330902132675,0.0,5.87177732,9.17091681388321,2.0000001,0.0,-6.5821341425,18.34183362776642,2.300899999999999,28.031300128,0.0,0.0,6.0,0.0,0.8022,-0.26,0.74,-6.106153846153846,44.5,4.353,1.118,2.193,0.0,1.0,0.0,26.1513808183338
62,84.48,3.6,58.3,63.0,67.94,58.3,63.0,67.94,0.0,91.92,8.08,3.0,14.0,-1.43,1.0,139.5,80.0,0.2,15.0,0.000250047,0.3675525969478616,0.0001981552869999,0.000313600414184,5.6643077,14.062218170221124,6.499999999999999e-07,0.0,-8.74505382,84.37330902132675,0.0,2.7374354,9.2213850455102,0.0,0.0,-6.32752468,18.4427700910204,4.4292,28.031300128,0.0,0.0,6.0,0.0,0.8022,-0.26,0.74,-6.106153846153846,199.1,20.21,5.192,0.472,0.0,1.0,0.0,25.64931867236189
63,84.48,217.5,14.17,34.01,59.44,14.17,34.01,59.44,90.0,10.0,0.0,1.0,8.32,-0.85,1.0,700.0,12.17,0.19,25.0,2.0597690022884394e-05,1.0,1.4897320904851437e-06,0.0001099600742857,4.72796063,11.121387926358748,0.0006916,0.000264654999999,-5.466114125,44.485551705434986,0.0,7.51858683,11.445998564977856,2e-07,0.0,-10.846796,11.445998564977856,0.0,28.031300128,0.0,0.0,6.0,0.0,0.8022,-0.26,0.74,-6.106153846153846,44.5,4.353,1.118,2.193,0.0,0.0,0.0,24.318838223478267
64,96.33,0.0,42.0,45.0,48.0,695.65,1111.26,1612.61,0.0,100.0,0.0,1.0,8.32,-3.56,1.0,100.0,12.17,2.0,200.0,0.0017673826651905,0.0606424185159716,0.0009637829778961,0.0029181103079647,7.51858683,11.445998564977856,2e-07,0.0,-10.846796,11.445998564977856,0.0,4.47959619,15.02799459406926,0.3851734,0.0,-22.96045361,15.02799459406926,0.0,28.031300128,0.0,0.0,6.0,0.0,0.8022,-0.26,0.74,-6.106153846153846,44.5,4.353,1.118,2.193,1.0,0.0,0.0,23.81493920574806
65,98.35,20.0,6.76,10.19,13.99,59.05,96.85,133.11,0.0,5.0,95.0,2.0,14.0,-1.45,1.0,300.0,20.0,1.5,5.5,7.898377274397163e-06,0.1560934132169918,2.119352396144186e-06,2.046143054441413e-05,5.6643077,14.062218170221124,6.499999999999999e-07,0.0,-8.74505382,84.37330902132675,0.0,0.8923141,11.8492870649751,0.0,0.0,-4.894751419999999,47.397148259900405,0.7227,28.031300128,0.0,0.0,6.0,0.0,0.8022,-0.26,0.74,-6.106153846153846,199.1,20.21,5.192,0.472,1.0,0.0,1.0,22.93156564051294
66,61.76,20.0,275.0,300.4,375.0,275.0,300.4,375.0,2.94,97.06,0.0,1.0,6.9,-1.25,1.0,1.0,9.09,0.49,15.0,0.0141937910406526,1.0,0.0108892182862708,0.0276116541819415,5.6643077,14.062218170221124,6.499999999999999e-07,0.0,-8.74505382,84.37330902132675,0.0,4.72796063,11.121387926358748,0.0006916,0.000264654999999,-5.466114125,44.485551705434986,0.0,28.031300128,0.0,0.0,6.0,0.0,0.8022,-0.26,0.74,-6.106153846153846,76.4,7.67,1.97,1.245,1.0,0.0,0.0,22.692807122045608
67,22.25,20.0,325.58237655789327,545.0,726.3572597056557,359.68358266310133,545.0,725.9433864530165,90.0,10.0,0.0,1.0,6.9,-0.93,1.0,400.0,9.09,3.0,200.0,0.0847594498455361,1.0,0.019963699108591,0.2005404284227643,7.51858683,11.445998564977856,2e-07,0.0,-10.846796,11.445998564977856,0.0,3.94067991,17.28523120082949,9e-07,0.002126714999999,-21.35375043,17.28523120082949,0.0,28.031300128,0.0,0.0,6.0,0.0,0.8022,-0.26,0.74,-6.106153846153846,76.4,7.67,1.97,1.245,1.0,0.0,0.0,22.54718013695667
68,90.52,0.0,20.0,25.0,35.0,187.5,340.28,479.17,13.83,86.17,0.0,0.1,6.8,-1.12,1.0,500.0,9.09,0.49,5.0,0.0001670345544005,0.1096117129386808,5.890486225480862e-05,0.000461015566495,4.72796063,11.121387926358748,0.0006916,0.000264654999999,-5.466114125,44.485551705434986,0.0,7.51858683,11.445998564977856,2e-07,0.0,-10.846796,11.445998564977856,0.0,28.031300128,0.0,0.0,6.0,0.0,0.8022,-0.26,0.74,-6.106153846153846,44.5,4.353,1.118,2.193,0.0,1.0,0.0,22.38906089247343
69,40.0,108.0,79.45404785724735,133.0,177.25782668046276,87.77599356732566,133.0,177.15682641880954,0.0,86.98,13.02,2.0,14.0,-1.05,1.0,800.0,80.0,1.5,15.0,0.0012318378526272,1.0,0.0002901392149812,0.0029145221112623,7.51858683,11.445998564977856,2e-07,0.0,-10.846796,11.445998564977856,0.0,3.94067991,17.28523120082949,9e-07,0.002126714999999,-21.35375043,17.28523120082949,0.0,28.031300128,0.0,0.0,6.0,0.0,0.8022,-0.26,0.74,-6.106153846153846,199.1,20.21,5.192,0.472,0.0,1.0,0.0,21.602674414818754
70,34.5,18.63,25.0,27.5,30.0,50.0,55.0,60.0,85.0,0.0,15.0,1.0,8.32,-0.48,1.0,1052.63,80.0,1.5,50.0,2.1778436572541743e-05,1.0,1.6362461737446838e-05,2.8274333882308137e-05,5.6643077,14.062218170221124,6.499999999999999e-07,0.0,-8.74505382,84.37330902132675,0.0,7.51858683,11.445998564977856,2e-07,0.0,-10.846796,11.445998564977856,0.0,28.031300128,0.0,0.0,6.0,0.0,0.8022,-0.26,0.74,-6.106153846153846,44.5,4.353,1.118,2.193,0.0,0.0,1.0,21.02263880877567
71,96.33,18.63,45.0,65.0,95.0,45.0,65.0,95.0,0.0,86.98,13.02,1.0,14.0,-1.08,1.0,200.0,12.17,3.75,10.0,0.0001437933137486,1.0,4.7712938426394975e-05,0.0004489205002285,5.6643077,14.062218170221124,6.499999999999999e-07,0.0,-8.74505382,84.37330902132675,0.0,2.69161299,14.614521025354035,1.966666666666666e-06,2.428085125000001,-5.951826232222221,131.53068922818633,0.6553999999999991,28.031300128,0.0,0.0,6.0,0.0,0.8022,-0.26,0.74,-6.106153846153846,199.1,20.21,5.192,0.472,0.0,0.0,1.0,20.517531276383625
72,85.0,108.0,80.0,101.7,130.0,80.0,101.7,130.0,85.0,0.0,15.0,0.1,6.8,-0.88,1.0,800.0,0.0,0.5,7.0,0.000550758845733,1.0,0.0002680825731063,0.0011503465099894,7.51858683,11.445998564977856,2e-07,0.0,-10.846796,11.445998564977856,0.0,2.7374354,9.2213850455102,0.0,0.0,-6.32752468,18.4427700910204,4.4292,28.031300128,0.0,0.0,6.0,0.0,0.8022,-0.26,0.74,-6.106153846153846,44.5,4.353,1.118,2.193,0.0,0.0,1.0,18.716115270674003
73,78.04,18.63,47.5,55.0,72.5,47.5,55.0,72.5,0.0,95.1,4.9,0.5,7.2,-2.2,1.0,20.0,0.0,1.5,5.0,8.711374629016697e-05,1.0,5.611506252857393e-05,0.0001995320396572,4.17791244,12.764484711878117,0.0,0.0,-5.02663022,76.5869082712687,0.512699999999999,4.47959619,15.02799459406926,0.3851734,0.0,-22.96045361,15.02799459406926,0.0,28.031300128,0.0,0.0,6.0,0.0,0.8022,-0.26,0.74,-6.106153846153846,44.5,4.353,1.118,2.193,1.0,0.0,0.0,18.315411562174592
74,40.0,108.0,45.0,65.0,95.0,45.0,65.0,95.0,30.02,69.98,0.0,1.0,6.9,-1.29,1.0,195.0,20.0,1.5,7.0,0.0001437933137486,1.0,4.7712938426394975e-05,0.0004489205002285,5.6643077,14.062218170221124,6.499999999999999e-07,0.0,-8.74505382,84.37330902132675,0.0,3.29833257,14.422554456959176,0.0,0.0,-8.910602605,28.845108913918352,0.0,28.031300128,0.0,0.0,6.0,0.0,0.8022,-0.26,0.74,-6.106153846153846,76.4,7.67,1.97,1.245,1.0,0.0,1.0,17.8738880971095
75,85.37,217.5,125.49,189.74,265.36,125.49,189.74,265.36,27.79,72.21,0.0,1.0,8.32,-0.55,1.0,2000.0,20.0,1.5,5.5,0.006830880514424,0.3675525969478614,0.001976183905149,0.018685571078656,4.17791244,12.764484711878117,0.0,0.0,-5.02663022,76.5869082712687,0.512699999999999,7.51858683,11.445998564977856,2e-07,0.0,-10.846796,11.445998564977856,0.0,28.031300128,0.0,0.0,6.0,0.0,0.8022,-0.26,0.74,-6.106153846153846,44.5,4.353,1.118,2.193,0.0,0.0,0.0,17.29694936006231
76,89.35,108.0,5.0,27.5,30.0,30.0,32.5,35.0,25.0,75.0,0.0,1.0,6.9,-0.87,1.0,1020.41,0.0,3.75,50.0,1.286907615650194e-05,1.0,3.926990816987241e-07,1.6493361431346413e-05,5.6643077,14.062218170221124,6.499999999999999e-07,0.0,-8.74505382,84.37330902132675,0.0,2.69161299,14.614521025354035,1.966666666666666e-06,2.428085125000001,-5.951826232222221,131.53068922818633,0.6553999999999991,28.031300128,0.0,0.0,6.0,0.0,0.8022,-0.26,0.74,-6.106153846153846,76.4,7.67,1.97,1.245,1.0,1.0,0.0,16.474491941774662
77,61.76,108.0,275.0,350.0,475.0,275.0,350.0,475.0,0.0,95.0,5.0,2.0,14.0,-0.91,1.0,139.5,20.0,0.2,20.0,0.0149225323740185,0.664721574094151,0.0072382983199047,0.0373008926943853,4.17791244,12.764484711878117,0.0,0.0,-5.02663022,76.5869082712687,0.512699999999999,4.72796063,11.121387926358748,0.0006916,0.000264654999999,-5.466114125,44.485551705434986,0.0,28.031300128,0.0,0.0,6.0,0.0,0.8022,-0.26,0.74,-6.106153846153846,199.1,20.21,5.192,0.472,1.0,0.0,0.0,15.881679594706382
78,14.95,18.63,25.0,27.5,30.0,25.0,27.5,30.0,30.0,70.0,0.0,1.0,6.9,-0.6,1.0,600.0,9.09,4.0,15.0,1.0889218286270871e-05,1.0,8.181230868723419e-06,1.4137166941154069e-05,4.17791244,12.764484711878117,0.0,0.0,-5.02663022,76.5869082712687,0.512699999999999,4.47959619,15.02799459406926,0.3851734,0.0,-22.96045361,15.02799459406926,0.0,28.031300128,0.0,0.0,6.0,0.0,0.8022,-0.26,0.74,-6.106153846153846,76.4,7.67,1.97,1.245,1.0,0.0,0.0,14.664512525497004
79,98.63,0.0,275.0,300.4,375.0,275.0,300.4,375.0,100.0,0.0,0.0,1.0,6.9,-1.7,1.0,1020.41,20.0,2.25,15.0,0.0141937910406526,1.0,0.0108892182862708,0.0276116541819415,5.6643077,14.062218170221124,6.499999999999999e-07,0.0,-8.74505382,84.37330902132675,0.0,4.17791244,12.764484711878117,0.0,0.0,-5.02663022,76.5869082712687,0.512699999999999,28.031300128,0.0,0.0,6.0,0.0,0.8022,-0.26,0.74,-6.106153846153846,76.4,7.67,1.97,1.245,1.0,0.0,1.0,12.948818485910092
80,96.61,20.0,21.22,31.51,41.8,21.22,31.51,41.8,30.0,70.0,0.0,0.5,8.4,-0.77,1.0,300.0,9.09,0.19,5.0,1.638112905533813e-05,1.0,5.003049053107802e-06,3.824084389147232e-05,4.17791244,12.764484711878117,0.0,0.0,-5.02663022,76.5869082712687,0.512699999999999,2.7374354,9.2213850455102,0.0,0.0,-6.32752468,18.4427700910204,4.4292,28.031300128,0.0,0.0,6.0,0.0,0.8022,-0.26,0.74,-6.106153846153846,44.5,4.353,1.118,2.193,1.0,0.0,1.0,11.290747459493872
81,87.94,20.0,6.79,7.5,8.21,6.79,7.5,8.21,0.0,92.19,7.81,1.0,6.9,-0.56,1.0,204.08,12.17,0.2,15.0,2.2089323345553235e-07,1.0,1.639109416053178e-07,2.897531017308065e-07,5.6643077,14.062218170221124,6.499999999999999e-07,0.0,-8.74505382,84.37330902132675,0.0,1.44159893,15.315274547374411,2.7675e-05,0.297025965625,-9.2612360378125,245.0443927579906,1.3853,28.031300128,0.0,0.0,6.0,0.0,0.8022,-0.26,0.74,-6.106153846153846,76.4,7.67,1.97,1.245,1.0,0.0,1.0,10.55122605437885
82,73.82,3.6,414.0,590.5,812.0,1180.0,1555.6,1972.0,27.79,72.21,0.0,1.0,8.32,-0.44,1.0,1020.41,12.17,1.5,5.0,0.1808075176333333,0.6366197723675814,0.06741576,0.4334087893333333,5.6643077,14.062218170221124,6.499999999999999e-07,0.0,-8.74505382,84.37330902132675,0.0,4.17791244,12.764484711878117,0.0,0.0,-5.02663022,76.5869082712687,0.512699999999999,28.031300128,0.0,0.0,6.0,0.0,0.8022,-0.26,0.74,-6.106153846153846,44.5,4.353,1.118,2.193,1.0,1.0,0.0,9.986268081719023
83,22.25,20.0,160.0,181.7,220.0,160.0,181.7,220.0,30.02,69.98,0.0,1.0,6.9,-0.69,1.0,1000.0,12.17,3.75,25.0,0.0031409672216591,1.0,0.0021446605848506,0.0055752797625706,4.72796063,11.121387926358748,0.0006916,0.000264654999999,-5.466114125,44.485551705434986,0.0,3.94067991,17.28523120082949,9e-07,0.002126714999999,-21.35375043,17.28523120082949,0.0,28.031300128,0.0,0.0,6.0,0.0,0.8022,-0.26,0.74,-6.106153846153846,76.4,7.67,1.97,1.245,1.0,0.0,1.0,8.532502892649989
84,82.46,18.63,45.0,52.5,65.0,45.0,52.5,65.0,2.94,97.06,0.0,0.1,6.8,-0.61,1.0,240.38,9.09,3.75,40.0,7.576637907524757e-05,1.0,4.7712938426394975e-05,0.0001437933137486,4.72796063,11.121387926358748,0.0006916,0.000264654999999,-5.466114125,44.485551705434986,0.0,5.49246722,16.727671246666244,1.666666666666666e-08,0.000130182499997,-9.718071849166668,200.7320549599949,0.0,28.031300128,0.0,0.0,6.0,0.0,0.8022,-0.26,0.74,-6.106153846153846,44.5,4.353,1.118,2.193,1.0,0.0,1.0,7.994703490837903
85,14.95,3.6,225.0,400.0,625.0,225.0,400.0,625.0,0.0,82.0,18.0,1.0,14.0,-0.68,1.0,765.31,12.17,0.2,5.0,0.064,0.3675525969478614,0.011390625,0.244140625,7.51858683,11.445998564977856,2e-07,0.0,-10.846796,11.445998564977856,0.0,2.03846677,22.399498167675635,0.0,0.0,-4.169303585,44.79899633535127,0.0,28.031300128,0.0,0.0,6.0,0.0,0.8022,-0.26,0.74,-6.106153846153846,199.1,20.21,5.192,0.472,0.0,0.0,1.0,6.128323005598043
86,6.98,0.0,675.56,1172.88,1816.3,195.56,355.96,500.74,41.08,58.92,0.0,1.0,8.32,-1.56,1.0,1020.41,12.17,0.49,20.0,-0.27873120601568,-0.1333880991801519,-0.050991108217152,-0.942789473786952,5.6643077,14.062218170221124,6.499999999999999e-07,0.0,-8.74505382,84.37330902132675,0.0,1.44159893,15.315274547374411,2.7675e-05,0.297025965625,-9.2612360378125,245.0443927579906,1.3853,28.031300128,0.0,0.0,6.0,0.0,0.8022,-0.26,0.74,-6.106153846153846,44.5,4.353,1.118,2.193,1.0,0.0,0.0,5.939707051467323
87,96.25,18.63,600.0,836.0,1074.0,600.0,836.0,1074.0,0.0,95.1,4.9,0.1,6.8,-0.55,1.0,510.2,20.0,0.5,25.0,0.1721442784955467,0.5626976975981914,0.0636396103067892,0.3649947389373305,7.51858683,11.445998564977856,2e-07,0.0,-10.846796,11.445998564977856,0.0,2.03846677,22.399498167675635,0.0,0.0,-4.169303585,44.79899633535127,0.0,28.031300128,0.0,0.0,6.0,0.0,0.8022,-0.26,0.74,-6.106153846153846,44.5,4.353,1.118,2.193,1.0,0.0,0.0,5.641386308613974
88,76.11,0.0,680.0,680.0,680.0,680.0,680.0,680.0,85.0,0.0,15.0,0.1,6.8,-0.61,1.0,800.0,12.17,0.19,25.0,0.314432,0.3675525969478614,0.314432,0.314432,4.17791244,12.764484711878117,0.0,0.0,-5.02663022,76.5869082712687,0.512699999999999,3.94067991,17.28523120082949,9e-07,0.002126714999999,-21.35375043,17.28523120082949,0.0,28.031300128,0.0,0.0,6.0,0.0,0.8022,-0.26,0.74,-6.106153846153846,44.5,4.353,1.118,2.193,0.0,0.0,1.0,2.511065947568369
89,98.85,217.5,21.22,31.51,41.8,21.22,31.51,41.8,31.03,68.97,0.0,2.0,14.0,-0.39,1.0,10.0,0.0,0.5,5.0,1.638112905533813e-05,1.0,5.003049053107802e-06,3.824084389147232e-05,5.6643077,14.062218170221124,6.499999999999999e-07,0.0,-8.74505382,84.37330902132675,0.0,1.44159893,15.315274547374411,2.7675e-05,0.297025965625,-9.2612360378125,245.0443927579906,1.3853,28.031300128,0.0,0.0,6.0,0.0,0.8022,-0.26,0.74,-6.106153846153846,199.1,20.21,5.192,0.472,1.0,0.0,1.0,1.1898487551711021
90,93.33,3.6,106.27,143.77,170.03,106.27,143.77,170.03,0.0,91.92,8.08,0.1,6.8,-0.7,1.0,1943.63,20.0,2.25,7.0,0.002971699000633,0.3675525969478614,0.0012001403618829,0.004915601459027,4.17791244,12.764484711878117,0.0,0.0,-5.02663022,76.5869082712687,0.512699999999999,2.7374354,9.2213850455102,0.0,0.0,-6.32752468,18.4427700910204,4.4292,28.031300128,0.0,0.0,6.0,0.0,0.8022,-0.26,0.74,-6.106153846153846,44.5,4.353,1.118,2.193,1.0,0.0,1.0,-0.34471049295630607
91,77.97,0.0,80.0,101.7,130.0,80.0,101.7,130.0,85.0,0.0,15.0,0.1,6.8,-0.39,1.0,1020.41,20.0,2.25,20.0,0.000550758845733,1.0,0.0002680825731063,0.0011503465099894,4.17791244,12.764484711878117,0.0,0.0,-5.02663022,76.5869082712687,0.512699999999999,2.03846677,22.399498167675635,0.0,0.0,-4.169303585,44.79899633535127,0.0,28.031300128,0.0,0.0,6.0,0.0,0.8022,-0.26,0.74,-6.106153846153846,44.5,4.353,1.118,2.193,1.0,0.0,0.0,-5.672022152823018
